exchange,symbol,timestamp,local_timestamp,ask_amount,ask_price,bid_price,bid_amount
binance-jersey,BTCEUR,1575158401877520,1575158401877520,0.021232,6882.44,6863.4,0.001223
binance-jersey,BTCEUR,1575158402572000,1575158402618608,0.032988,6882,6863.4,0.001223
binance-jersey,BTCEUR,1575158409477000,1575158409484558,0.067229,6881.99,6863.4,0.001223
binance-jersey,BTCEUR,1575158425188000,1575158425194797,0.029571,6881.05,6863.4,0.001223
binance-jersey,BTCEUR,1575158430091000,1575158430100117,0.067228,6881.04,6863.4,0.001223
binance-jersey,BTCEUR,1575158437796000,1575158437803393,0.033845,6879.79,6863.4,0.001223
binance-jersey,BTCEUR,1575158440498000,1575158440505107,0.067228,6879.78,6863.4,0.001223
binance-jersey,BTCEUR,1575158445902000,1575158445909468,0.025094,6878.91,6863.4,0.001223
binance-jersey,BTCEUR,1575158450905000,1575158450912752,0.067229,6878.9,6863.4,0.001223
binance-jersey,BTCEUR,1575158565684000,1575158565691572,0.033776,6877.64,6863.4,0.001223
binance-jersey,BTCEUR,1575158574190000,1575158574197296,0.067228,6877.63,6863.4,0.001223
binance-jersey,BTCEUR,1575158576491000,1575158576498732,0.027475,6877.11,6863.4,0.001223
binance-jersey,BTCEUR,1575158584697000,1575158584704539,0.067229,6877.1,6863.4,0.001223
binance-jersey,BTCEUR,1575158622423000,1575158622430343,0.02122,6876.03,6863.4,0.001223
binance-jersey,BTCEUR,1575158625825000,1575158625832430,0.067228,6876.02,6863.4,0.001223
binance-jersey,BTCEUR,1575158656646000,1575158656653222,0.067228,6876.32,6863.4,0.001223
binance-jersey,BTCEUR,1575158702381000,1575158702388775,0.02177,6874.46,6863.4,0.001223
binance-jersey,BTCEUR,1575158708185000,1575158708192402,0.067229,6874.45,6863.4,0.001223
binance-jersey,BTCEUR,1575158709286000,1575158709293168,0.02568,6873.98,6863.4,0.001223
binance-jersey,BTCEUR,1575158712288000,1575158712295160,0.020672,6872.5,6863.4,0.001223
binance-jersey,BTCEUR,1575158713188000,1575158713195865,0.015728,6872.01,6863.4,0.001223
binance-jersey,BTCEUR,1575158718692000,1575158718699729,0.067228,6872,6863.4,0.001223
binance-jersey,BTCEUR,1575158720193000,1575158720200842,0.02226,6871.11,6863.4,0.001223
binance-jersey,BTCEUR,1575158728299000,1575158728306537,0.017202,6869.43,6863.4,0.001223
binance-jersey,BTCEUR,1575158729100000,1575158729106881,0.067228,6869.42,6863.4,0.001223
binance-jersey,BTCEUR,1575158731201000,1575158731208537,0.020666,6868.98,6863.4,0.001223
binance-jersey,BTCEUR,1575158735204000,1575158735211174,0.035989,6867.65,6863.4,0.001223
binance-jersey,BTCEUR,1575158736204000,1575158736211872,0.024367,6865.78,6863.4,0.001223
binance-jersey,BTCEUR,1575158739807000,1575158739814267,0.067229,6865.77,6863.4,0.001223
binance-jersey,BTCEUR,1575158750314000,1575158750321497,0.067228,6870.75,6863.4,0.001223
binance-jersey,BTCEUR,1575158753216000,1575158753223497,0.02907,6869.97,6863.4,0.001223
binance-jersey,BTCEUR,1575158760921000,1575158760928734,0.067228,6869.96,6863.4,0.001223
binance-jersey,BTCEUR,1575158781635000,1575158781642710,0.020672,6871.92,6863.4,0.001223
binance-jersey,BTCEUR,1575158781736000,1575158781742888,0.067228,6871.91,6863.4,0.001223
binance-jersey,BTCEUR,1575158789341000,1575158789348286,0.015571,6870.99,6863.4,0.001223
binance-jersey,BTCEUR,1575158791442000,1575158791450111,0.020165,6869.59,6863.4,0.001223
binance-jersey,BTCEUR,1575158792543000,1575158792550445,0.067229,6869.58,6863.4,0.001223
binance-jersey,BTCEUR,1575158802950000,1575158802957435,0.030455,6871.73,6863.4,0.001223
binance-jersey,BTCEUR,1575158803150000,1575158803157816,0.067228,6871.72,6863.4,0.001223
binance-jersey,BTCEUR,1575158807253000,1575158807260692,0.017906,6870.84,6863.4,0.001223
binance-jersey,BTCEUR,1575158810255000,1575158810262298,0.031856,6870.1,6863.4,0.001223
binance-jersey,BTCEUR,1575158813657000,1575158813664803,0.067228,6870.09,6863.4,0.001223
binance-jersey,BTCEUR,1575158824366000,1575158824373412,0.067229,6871.76,6863.4,0.001223
binance-jersey,BTCEUR,1575158825967000,1575158825974852,0.025305,6870.47,6863.4,0.001223
binance-jersey,BTCEUR,1575158826868000,1575158826874982,0.03319,6869.89,6863.4,0.001223
binance-jersey,BTCEUR,1575158834873000,1575158834880743,0.067228,6869.88,6863.4,0.001223
binance-jersey,BTCEUR,1575158845380000,1575158845387679,0.067228,6871.35,6863.4,0.001223
binance-jersey,BTCEUR,1575158853590000,1575158853598133,0.02828,6870.48,6863.4,0.001223
binance-jersey,BTCEUR,1575158855892000,1575158855899128,0.067229,6870.47,6863.4,0.001223
binance-jersey,BTCEUR,1575158866399000,1575158866406540,0.020197,6871.21,6863.4,0.001223
binance-jersey,BTCEUR,1575158866499000,1575158866506403,0.067228,6871.2,6863.4,0.001223
binance-jersey,BTCEUR,1575158896920000,1575158896927082,0.034065,6870.23,6863.4,0.001223
binance-jersey,BTCEUR,1575158897420000,1575158897427291,0.067228,6870.22,6863.4,0.001223
binance-jersey,BTCEUR,1575158905926000,1575158905933049,0.035842,6869.85,6863.4,0.001223
binance-jersey,BTCEUR,1575158907927000,1575158907934364,0.067229,6869.84,6863.4,0.001223
binance-jersey,BTCEUR,1575158932343000,1575158932351105,0.021191,6868.71,6863.4,0.001223
binance-jersey,BTCEUR,1575158938948000,1575158938955234,0.067228,6868.7,6863.4,0.001223
binance-jersey,BTCEUR,1575158943851000,1575158943858577,0.015995,6867.92,6863.4,0.001223
binance-jersey,BTCEUR,1575158949455000,1575158949462358,0.067228,6867.91,6863.4,0.001223
binance-jersey,BTCEUR,1575158951957000,1575158951963900,0.024489,6865.48,6863.4,0.001223
binance-jersey,BTCEUR,1575158959962000,1575158959969422,0.067229,6865.47,6863.4,0.001223
binance-jersey,BTCEUR,1575158964565000,1575158964572582,0.020953,6864.85,6863.4,0.001223
binance-jersey,BTCEUR,1575158966567000,1575158966574139,0.023243,6865.37,6863.4,0.001223
binance-jersey,BTCEUR,1575158969569000,1575158969575860,0.067229,6865.47,6863.4,0.001223
binance-jersey,BTCEUR,1575158970369000,1575158970376375,0.031465,6866.21,6863.4,0.001223
binance-jersey,BTCEUR,1575158970469000,1575158970476622,0.067228,6866.2,6863.4,0.001223
binance-jersey,BTCEUR,1575158980576000,1575158980583587,0.029018,6866.07,6863.4,0.001223
binance-jersey,BTCEUR,1575158980976000,1575158980983651,0.067228,6866.06,6863.4,0.001223
binance-jersey,BTCEUR,1575158993985000,1575158993992357,0.025558,6865.04,6863.4,0.001223
binance-jersey,BTCEUR,1575159001690000,1575159001698878,0.067228,6865.03,6863.4,0.001223
binance-jersey,BTCEUR,1575159002991000,1575159002998829,0.019752,6864.13,6863.4,0.001223
binance-jersey,BTCEUR,1575159012298000,1575159012308661,0.067229,6864.12,6863.4,0.001223
binance-jersey,BTCEUR,1575159020003000,1575159020010334,0.016124,6862.61,6842.97,0.049555
binance-jersey,BTCEUR,1575159022505000,1575159022511926,0.016124,6862.61,6841.43,0.022883
binance-jersey,BTCEUR,1575159022605000,1575159022612301,0.016124,6862.61,6841.44,0.049703
binance-jersey,BTCEUR,1575159022805000,1575159022812256,0.067228,6862.6,6841.44,0.049703
binance-jersey,BTCEUR,1575159026107000,1575159026114710,0.02934,6861.98,6841.44,0.049703
binance-jersey,BTCEUR,1575159033112000,1575159033119356,0.02934,6861.98,6840.78,0.051762
binance-jersey,BTCEUR,1575159033312000,1575159033319536,0.067228,6861.97,6840.78,0.051762
binance-jersey,BTCEUR,1575159038916000,1575159038923407,0.018324,6861.26,6840.78,0.051762
binance-jersey,BTCEUR,1575159040917000,1575159040924530,0.020995,6861.28,6840.78,0.051762
binance-jersey,BTCEUR,1575159043619000,1575159043626490,0.020995,6861.28,6840.07,0.027731
binance-jersey,BTCEUR,1575159043719000,1575159043726741,0.020995,6861.28,6840.08,0.051562
binance-jersey,BTCEUR,1575159043819000,1575159043826625,0.067229,6861.27,6840.08,0.051562
binance-jersey,BTCEUR,1575159103560000,1575159103566900,0.032124,6861.21,6840.08,0.051562
binance-jersey,BTCEUR,1575159105361000,1575159105368002,0.032124,6861.21,6840,0.042431
binance-jersey,BTCEUR,1575159105461000,1575159105468315,0.032124,6861.21,6840.01,0.049429
binance-jersey,BTCEUR,1575159105661000,1575159105668312,0.067228,6861.2,6840.01,0.049429
binance-jersey,BTCEUR,1575159115668000,1575159115675105,0.030308,6859.99,6840.01,0.049429
binance-jersey,BTCEUR,1575159115968000,1575159115975241,0.030308,6859.99,6838.79,0.040036
binance-jersey,BTCEUR,1575159116068000,1575159116075337,0.030308,6859.99,6838.8,0.049643
binance-jersey,BTCEUR,1575159116268000,1575159116275564,0.067228,6859.98,6838.8,0.049643
binance-jersey,BTCEUR,1575159135681000,1575159135688811,0.024259,6859,6838.8,0.049643
binance-jersey,BTCEUR,1575159136782000,1575159136789452,0.024259,6859,6837.79,0.032048
binance-jersey,BTCEUR,1575159136882000,1575159136889587,0.024259,6859,6837.8,0.049631
binance-jersey,BTCEUR,1575159136982000,1575159136989649,0.067228,6858.99,6837.8,0.049631
binance-jersey,BTCEUR,1575159139784000,1575159139791703,0.067228,6858.99,6838.14,0.029635
binance-jersey,BTCEUR,1575159146889000,1575159146896409,0.030267,6857.17,6837.8,0.049631
binance-jersey,BTCEUR,1575159147389000,1575159147396640,0.030267,6857.17,6835.98,0.04964
binance-jersey,BTCEUR,1575159147589000,1575159147596920,0.067229,6857.16,6835.98,0.04964
binance-jersey,BTCEUR,1575159147690000,1575159147696989,0.067229,6857.16,6838.3,0.037905
binance-jersey,BTCEUR,1575159149691000,1575159149698211,0.049136,6856.14,6838.3,0.037905
binance-jersey,BTCEUR,1575159152793000,1575159152800248,0.049136,6856.14,6837.32,0.039891
binance-jersey,BTCEUR,1575159157996000,1575159158003953,0.049136,6856.14,6837.33,0.049644
binance-jersey,BTCEUR,1575159158097000,1575159158103743,0.067228,6856.13,6837.33,0.049644
binance-jersey,BTCEUR,1575159164901000,1575159164908562,0.01876,6855.5,6837.33,0.049644
binance-jersey,BTCEUR,1575159168404000,1575159168410892,0.01876,6855.5,6834.3,0.024789
binance-jersey,BTCEUR,1575159168504000,1575159168511045,0.01876,6855.5,6834.31,0.049741
binance-jersey,BTCEUR,1575159168604000,1575159168611116,0.067228,6855.49,6834.31,0.049741
binance-jersey,BTCEUR,1575159172907000,1575159172914550,0.016544,6855.05,6834.31,0.049741
binance-jersey,BTCEUR,1575159177009000,1575159177017127,0.032407,6853.84,6834.31,0.049741
binance-jersey,BTCEUR,1575159177810000,1575159177817494,0.021554,6853.01,6834.31,0.049741
binance-jersey,BTCEUR,1575159178811000,1575159178818094,0.027595,6850.91,6834.31,0.049741
binance-jersey,BTCEUR,1575159178911000,1575159178918329,0.027595,6850.91,6829.71,0.036475
binance-jersey,BTCEUR,1575159179011000,1575159179018846,0.027595,6850.91,6829.72,0.049755
binance-jersey,BTCEUR,1575159179111000,1575159179118240,0.067229,6850.9,6829.72,0.049755
binance-jersey,BTCEUR,1575159180912000,1575159180919707,0.031023,6848.39,6829.72,0.049755
binance-jersey,BTCEUR,1575159183914000,1575159183921572,0.025697,6848.2,6829.72,0.049755
binance-jersey,BTCEUR,1575159185816000,1575159185822813,0.029793,6847.11,6829.72,0.049755
binance-jersey,BTCEUR,1575159186816000,1575159186823468,0.019743,6843.91,6829.72,0.049755
binance-jersey,BTCEUR,1575159188918000,1575159188925019,0.024773,6845.4,6829.72,0.049755
binance-jersey,BTCEUR,1575159189518000,1575159189525263,0.024773,6845.4,6824.22,0.051734
binance-jersey,BTCEUR,1575159189818000,1575159189825752,0.067228,6845.39,6825.66,0.021166
binance-jersey,BTCEUR,1575159190719000,1575159190726291,0.067228,6845.39,6826.71,0.044788
binance-jersey,BTCEUR,1575159191720000,1575159191727134,0.067228,6845.39,6828.79,0.031998
binance-jersey,BTCEUR,1575159194822000,1575159194829206,0.067228,6845.39,6830.04,0.041943
binance-jersey,BTCEUR,1575159199825000,1575159199832790,0.067228,6845.39,6828.89,0.022906
binance-jersey,BTCEUR,1575159200526000,1575159200532911,0.017328,6850.09,6828.9,0.051547
binance-jersey,BTCEUR,1575159200626000,1575159200633174,0.067228,6850.08,6828.9,0.051547
binance-jersey,BTCEUR,1575159209832000,1575159209839619,0.067228,6850.08,6833.63,0.022948
binance-jersey,BTCEUR,1575159210733000,1575159210740104,0.067228,6850.08,6830.71,0.04231
binance-jersey,BTCEUR,1575159210933000,1575159210940257,0.067228,6850.08,6830.72,0.051549
binance-jersey,BTCEUR,1575159211033000,1575159211040387,0.032012,6851.9,6830.72,0.051549
binance-jersey,BTCEUR,1575159218338000,1575159218345192,0.016444,6850.84,6830.72,0.051549
binance-jersey,BTCEUR,1575159219239000,1575159219246188,0.029509,6849.51,6830.72,0.051549
binance-jersey,BTCEUR,1575159221340000,1575159221347278,0.029509,6849.51,6828.32,0.039009
binance-jersey,BTCEUR,1575159221440000,1575159221447282,0.029509,6849.51,6828.33,0.051547
binance-jersey,BTCEUR,1575159221540000,1575159221547345,0.067228,6849.5,6828.33,0.051547
binance-jersey,BTCEUR,1575159232949000,1575159232956246,0.024774,6849.13,6828.33,0.051547
binance-jersey,BTCEUR,1575159233850000,1575159233856812,0.021953,6847.86,6828.33,0.051547
binance-jersey,BTCEUR,1575159235951000,1575159235958502,0.016358,6845.37,6828.33,0.051547
binance-jersey,BTCEUR,1575159236852000,1575159236858876,0.021384,6845.06,6828.33,0.051547
binance-jersey,BTCEUR,1575159242155000,1575159242163288,0.021384,6845.06,6823.88,0.051567
binance-jersey,BTCEUR,1575159242356000,1575159242363229,0.067229,6845.05,6823.88,0.051567
binance-jersey,BTCEUR,1575159243957000,1575159243964068,0.031141,6843.35,6823.88,0.051567
binance-jersey,BTCEUR,1575159246959000,1575159246966057,0.031077,6842.27,6823.88,0.051567
binance-jersey,BTCEUR,1575159248960000,1575159248967359,0.019959,6842.31,6823.88,0.051567
binance-jersey,BTCEUR,1575159251062000,1575159251069615,0.015597,6843.91,6823.88,0.051567
binance-jersey,BTCEUR,1575159252563000,1575159252570469,0.015597,6843.91,6822.73,0.020626
binance-jersey,BTCEUR,1575159252663000,1575159252670509,0.015597,6843.91,6822.74,0.051602
binance-jersey,BTCEUR,1575159252763000,1575159252770643,0.067228,6843.9,6822.74,0.051602
binance-jersey,BTCEUR,1575159255765000,1575159255773215,0.067228,6843.9,6823.96,0.021941
binance-jersey,BTCEUR,1575159256766000,1575159256773689,0.067228,6843.9,6829.25,0.035027
binance-jersey,BTCEUR,1575159259868000,1575159259875506,0.067228,6843.9,6827.56,0.033062
binance-jersey,BTCEUR,1575159261769000,1575159261776845,0.067228,6843.9,6826.2,0.042285
binance-jersey,BTCEUR,1575159262870000,1575159262878424,0.067228,6843.9,6824.7,0.028573
binance-jersey,BTCEUR,1575159263170000,1575159263177947,0.02161,6845.89,6824.71,0.051593
binance-jersey,BTCEUR,1575159263271000,1575159263277912,0.067228,6845.88,6824.71,0.051593
binance-jersey,BTCEUR,1575159266973000,1575159266980439,0.032536,6844.56,6824.71,0.051593
binance-jersey,BTCEUR,1575159273477000,1575159273485319,0.032536,6844.56,6823.38,0.043025
binance-jersey,BTCEUR,1575159273577000,1575159273584948,0.032536,6844.56,6823.39,0.051593
binance-jersey,BTCEUR,1575159273778000,1575159273785219,0.067229,6844.55,6823.39,0.051593
binance-jersey,BTCEUR,1575159273878000,1575159273885174,0.067229,6844.55,6824.23,0.021245
binance-jersey,BTCEUR,1575159284084000,1575159284091692,0.016066,6845.42,6824.24,0.051597
binance-jersey,BTCEUR,1575159284184000,1575159284192383,0.067228,6845.41,6824.24,0.051597
binance-jersey,BTCEUR,1575159297899000,1575159297906371,0.067228,6845.41,6826.19,0.029219
binance-jersey,BTCEUR,1575159298799000,1575159298806759,0.067228,6845.41,6832.05,0.035318
binance-jersey,BTCEUR,1575159304703000,1575159304710465,0.067228,6845.41,6832.06,0.051537
binance-jersey,BTCEUR,1575159304803000,1575159304810800,0.026724,6853.25,6832.06,0.051537
binance-jersey,BTCEUR,1575159304903000,1575159304910787,0.067229,6853.24,6832.06,0.051537
binance-jersey,BTCEUR,1575159305904000,1575159305911498,0.033429,6850.9,6832.06,0.051537
binance-jersey,BTCEUR,1575159315210000,1575159315217720,0.033429,6850.9,6829.71,0.049474
binance-jersey,BTCEUR,1575159315410000,1575159315417897,0.067228,6850.89,6829.71,0.049474
binance-jersey,BTCEUR,1575159340327000,1575159340334574,0.067228,6850.89,6830.08,0.043201
binance-jersey,BTCEUR,1575159343329000,1575159343336488,0.067228,6850.89,6830.08,0.07664
binance-jersey,BTCEUR,1575159343429000,1575159343436949,0.067228,6850.89,6830.08,0.033439
binance-jersey,BTCEUR,1575159346131000,1575159346138704,0.067228,6850.89,6830.09,0.049697
binance-jersey,BTCEUR,1575159346231000,1575159346238810,0.067228,6851.26,6830.09,0.049697
binance-jersey,BTCEUR,1575159352535000,1575159352543035,0.067228,6851.26,6836.78,0.033426
binance-jersey,BTCEUR,1575159356638000,1575159356645586,0.049136,6856.14,6836.79,0.049625
binance-jersey,BTCEUR,1575159356738000,1575159356745724,0.067229,6856.13,6836.79,0.049625
binance-jersey,BTCEUR,1575159357539000,1575159357546238,0.067229,6856.13,6837.59,0.027363
binance-jersey,BTCEUR,1575159367045000,1575159367052665,0.067229,6856.13,6837.6,0.049621
binance-jersey,BTCEUR,1575159384657000,1575159384665196,0.02202,6855.64,6837.6,0.049621
binance-jersey,BTCEUR,1575159387559000,1575159387566819,0.02202,6855.64,6834.44,0.029096
binance-jersey,BTCEUR,1575159387660000,1575159387667078,0.02202,6855.64,6834.45,0.049621
binance-jersey,BTCEUR,1575159387760000,1575159387766975,0.067228,6855.63,6834.45,0.049621
binance-jersey,BTCEUR,1575159389561000,1575159389568161,0.024659,6854.71,6834.45,0.049621
binance-jersey,BTCEUR,1575159395665000,1575159395672461,0.035936,6853.51,6834.45,0.049621
binance-jersey,BTCEUR,1575159398067000,1575159398074144,0.035936,6853.51,6832.32,0.047492
binance-jersey,BTCEUR,1575159398167000,1575159398174166,0.035936,6853.51,6832.33,0.051708
binance-jersey,BTCEUR,1575159398267000,1575159398274121,0.067228,6853.5,6832.33,0.051708
binance-jersey,BTCEUR,1575159430189000,1575159430196191,0.032149,6852.93,6832.33,0.051708
binance-jersey,BTCEUR,1575159438694000,1575159438702022,0.031616,6849.39,6832.33,0.051708
binance-jersey,BTCEUR,1575159439395000,1575159439402447,0.031616,6849.39,6828.2,0.041795
binance-jersey,BTCEUR,1575159439495000,1575159439502365,0.031616,6849.39,6828.21,0.051429
binance-jersey,BTCEUR,1575159439595000,1575159439602476,0.067228,6849.38,6828.21,0.051429
binance-jersey,BTCEUR,1575159441697000,1575159441705850,0.024235,6847.33,6828.21,0.051429
binance-jersey,BTCEUR,1575159445599000,1575159445606282,0.034511,6846.84,6828.21,0.051429
binance-jersey,BTCEUR,1575159449902000,1575159449909777,0.034511,6846.84,6825.65,0.045629
binance-jersey,BTCEUR,1575159450002000,1575159450009580,0.034511,6846.84,6825.66,0.051491
binance-jersey,BTCEUR,1575159450202000,1575159450209666,0.067229,6846.83,6825.66,0.051491
binance-jersey,BTCEUR,1575159464712000,1575159464719343,0.018276,6846.28,6825.66,0.051491
binance-jersey,BTCEUR,1575159470716000,1575159470723631,0.018276,6846.28,6825.09,0.024166
binance-jersey,BTCEUR,1575159470816000,1575159470823616,0.067228,6846.27,6825.09,0.024166
binance-jersey,BTCEUR,1575159492631000,1575159492638542,0.067228,6846.27,6825.3,0.025475
binance-jersey,BTCEUR,1575159494532000,1575159494539452,0.067228,6846.27,6826.2,0.027434
binance-jersey,BTCEUR,1575159498635000,1575159498642465,0.067228,6846.27,6828.02,0.02337
binance-jersey,BTCEUR,1575159499536000,1575159499543084,0.067228,6846.27,6828.2,0.042851
binance-jersey,BTCEUR,1575159501537000,1575159501544607,0.5,6848.08,6828.2,0.042851
binance-jersey,BTCEUR,1575159501637000,1575159501644613,0.067228,6848.07,6828.2,0.042851
binance-jersey,BTCEUR,1575159504739000,1575159504746687,0.067228,6848.07,6828.02,0.034019
binance-jersey,BTCEUR,1575159505640000,1575159505647232,0.067228,6848.07,6826.81,0.046977
binance-jersey,BTCEUR,1575159505740000,1575159505747381,0.035533,6848,6826.81,0.046977
binance-jersey,BTCEUR,1575159506641000,1575159506648081,0.035533,6848,6825.93,0.026109
binance-jersey,BTCEUR,1575159506741000,1575159506748386,0.019747,6847.12,6825.93,0.026109
binance-jersey,BTCEUR,1575159511944000,1575159511951573,0.067229,6847.11,6825.93,0.026109
binance-jersey,BTCEUR,1575159516747000,1575159516754691,0.067229,6847.11,6826.34,0.037142
binance-jersey,BTCEUR,1575159517648000,1575159517655269,0.067229,6847.11,6828.97,0.042069
binance-jersey,BTCEUR,1575159519749000,1575159519756544,0.067229,6847.11,6829.26,0.032752
binance-jersey,BTCEUR,1575159522251000,1575159522258608,0.067228,6848.07,6829.26,0.032752
binance-jersey,BTCEUR,1575159523752000,1575159523759694,0.067228,6848.07,6830.36,0.027035
binance-jersey,BTCEUR,1575159526854000,1575159526862101,0.067228,6848.07,6827.87,0.041274
binance-jersey,BTCEUR,1575159533159000,1575159533165924,0.067228,6848.07,6827.05,0.022694
binance-jersey,BTCEUR,1575159540164000,1575159540171004,0.067228,6848.07,6827.27,0.020943
binance-jersey,BTCEUR,1575159541164000,1575159541171674,0.067228,6848.07,6827.06,0.038219
binance-jersey,BTCEUR,1575159542065000,1575159542072515,0.067228,6848.07,6828.44,0.024732
binance-jersey,BTCEUR,1575159554273000,1575159554280630,0.067228,6848.07,6827.04,0.039448
binance-jersey,BTCEUR,1575159557175000,1575159557182390,0.067228,6848.07,6825.4,0.031262
binance-jersey,BTCEUR,1575159557275000,1575159557283167,0.023644,6846.59,6825.4,0.031262
binance-jersey,BTCEUR,1575159563279000,1575159563286304,0.067229,6846.58,6825.4,0.031262
binance-jersey,BTCEUR,1575159568583000,1575159568590044,0.021942,6845.74,6824.55,0.029014
binance-jersey,BTCEUR,1575159573686000,1575159573693540,0.067228,6845.73,6824.55,0.029014
binance-jersey,BTCEUR,1575159578189000,1575159578196439,0.067228,6845.73,6821.51,0.046663
binance-jersey,BTCEUR,1575159578289000,1575159578296758,0.035282,6842.69,6821.51,0.046663
binance-jersey,BTCEUR,1575159583993000,1575159584000827,0.035282,6842.69,6821.52,0.056443
binance-jersey,BTCEUR,1575159584093000,1575159584100698,0.067228,6842.68,6821.52,0.056443
binance-jersey,BTCEUR,1575159603207000,1575159603214232,0.067228,6842.68,6822.76,0.03146
binance-jersey,BTCEUR,1575159604207000,1575159604214910,0.067228,6842.68,6823.55,0.039994
binance-jersey,BTCEUR,1575159604708000,1575159604714874,0.030244,6844.74,6823.56,0.050784
binance-jersey,BTCEUR,1575159604808000,1575159604815371,0.067228,6844.73,6823.56,0.050784
binance-jersey,BTCEUR,1575159622420000,1575159622427478,0.035005,6843.56,6823.56,0.050784
binance-jersey,BTCEUR,1575159624321000,1575159624328570,0.026273,6843.09,6823.56,0.050784
binance-jersey,BTCEUR,1575159625322000,1575159625329297,0.026273,6843.09,6821.91,0.051348
binance-jersey,BTCEUR,1575159625522000,1575159625529248,0.067228,6843.08,6821.91,0.051348
binance-jersey,BTCEUR,1575159633828000,1575159633835144,0.016488,6841.33,6821.91,0.051348
binance-jersey,BTCEUR,1575159634728000,1575159634735596,0.029399,6840.67,6821.91,0.051348
binance-jersey,BTCEUR,1575159635729000,1575159635736282,0.029399,6840.67,6819.49,0.038888
binance-jersey,BTCEUR,1575159635829000,1575159635836461,0.029399,6840.67,6819.5,0.051305
binance-jersey,BTCEUR,1575159635929000,1575159635936431,0.067229,6840.66,6819.5,0.051305
binance-jersey,BTCEUR,1575159642233000,1575159642240667,0.032961,6835.86,6819.5,0.051305
binance-jersey,BTCEUR,1575159643234000,1575159643241354,0.022756,6835.15,6819.5,0.051305
binance-jersey,BTCEUR,1575159646336000,1575159646343486,0.033422,6836.47,6815.29,0.044221
binance-jersey,BTCEUR,1575159646436000,1575159646443821,0.033422,6836.47,6815.3,0.051329
binance-jersey,BTCEUR,1575159646636000,1575159646643758,0.067228,6835.14,6815.3,0.051329
binance-jersey,BTCEUR,1575159647137000,1575159647143889,0.067228,6835.14,6818.13,0.037661
binance-jersey,BTCEUR,1575159649238000,1575159649245503,0.067228,6835.14,6816.69,0.039577
binance-jersey,BTCEUR,1575159653141000,1575159653148146,0.067228,6835.14,6823.34,0.041486
binance-jersey,BTCEUR,1575159656943000,1575159656950840,0.5,6840.67,6823.34,0.041486
binance-jersey,BTCEUR,1575159657043000,1575159657051442,0.067228,6840.66,6823.34,0.041486
binance-jersey,BTCEUR,1575159657244000,1575159657251088,0.067228,6840.66,6821.21,0.045737
binance-jersey,BTCEUR,1575159659145000,1575159659152187,0.067228,6840.66,6820.72,0.029456
binance-jersey,BTCEUR,1575159666250000,1575159666257047,0.067228,6840.66,6821.43,0.041055
binance-jersey,BTCEUR,1575159667350000,1575159667357699,0.067228,6840.66,6821.44,0.056444
binance-jersey,BTCEUR,1575159668251000,1575159668258420,0.067228,6840.66,6822.39,0.022831
binance-jersey,BTCEUR,1575159669352000,1575159669359049,0.067228,6840.66,6821.44,0.056444
binance-jersey,BTCEUR,1575159678159000,1575159678166872,0.067228,6840.66,6819.76,0.050799
binance-jersey,BTCEUR,1575159678260000,1575159678266902,0.025961,6840.93,6819.76,0.050799
binance-jersey,BTCEUR,1575159678360000,1575159678366965,0.067228,6840.92,6819.76,0.050799
binance-jersey,BTCEUR,1575159678960000,1575159678967497,0.067228,6840.92,6820.25,0.022426
binance-jersey,BTCEUR,1575159680863000,1575159680870394,0.067228,6840.92,6821.26,0.042358
binance-jersey,BTCEUR,1575159686167000,1575159686173886,0.067228,6840.92,6820.39,0.021861
binance-jersey,BTCEUR,1575159688768000,1575159688775964,0.067228,6840.92,6820.4,0.051373
binance-jersey,BTCEUR,1575159688868000,1575159688875736,0.016528,6841.57,6820.4,0.051373
binance-jersey,BTCEUR,1575159688968000,1575159688975711,0.067229,6841.56,6820.4,0.051373
binance-jersey,BTCEUR,1575159700376000,1575159700383564,0.035174,6840.73,6820.4,0.051373
binance-jersey,BTCEUR,1575159702177000,1575159702184600,0.025736,6839.76,6820.4,0.051373
binance-jersey,BTCEUR,1575159709682000,1575159709689793,0.025736,6839.76,6818.58,0.034044
binance-jersey,BTCEUR,1575159709782000,1575159709789865,0.025736,6839.76,6818.59,0.051315
binance-jersey,BTCEUR,1575159709883000,1575159709890035,0.067228,6839.75,6818.59,0.051315
binance-jersey,BTCEUR,1575159716587000,1575159716594519,0.034623,6837.24,6818.59,0.051315
binance-jersey,BTCEUR,1575159720190000,1575159720196987,0.034623,6837.24,6816.07,0.045808
binance-jersey,BTCEUR,1575159720290000,1575159720297068,0.034623,6837.24,6816.08,0.051336
binance-jersey,BTCEUR,1575159720390000,1575159720397151,0.067228,6837.23,6816.08,0.051336
binance-jersey,BTCEUR,1575159721390000,1575159721398035,0.067228,6837.23,6816.56,0.040051
binance-jersey,BTCEUR,1575159723392000,1575159723399273,0.067228,6837.23,6817.73,0.023269
binance-jersey,BTCEUR,1575159725393000,1575159725400647,0.067228,6837.23,6818.63,0.035137
binance-jersey,BTCEUR,1575159730797000,1575159730804085,0.026562,6839.81,6818.64,0.051335
binance-jersey,BTCEUR,1575159730897000,1575159730904453,0.067229,6839.8,6818.64,0.051335
binance-jersey,BTCEUR,1575159731397000,1575159731404509,0.067229,6839.8,6819.14,0.022095
binance-jersey,BTCEUR,1575159733499000,1575159733505994,0.067229,6839.8,6818.64,0.051335
binance-jersey,BTCEUR,1575159745106000,1575159745114049,0.022245,6839.16,6818.64,0.051335
binance-jersey,BTCEUR,1575159751411000,1575159751418107,0.022245,6839.16,6817.98,0.029428
binance-jersey,BTCEUR,1575159751511000,1575159751518043,0.022245,6839.16,6817.99,0.05159
binance-jersey,BTCEUR,1575159751611000,1575159751617874,0.067228,6839.15,6817.99,0.05159
binance-jersey,BTCEUR,1575159762718000,1575159762725894,0.067228,6839.15,6818.16,0.043946
binance-jersey,BTCEUR,1575159764619000,1575159764626727,0.067228,6839.15,6819.2,0.036435
binance-jersey,BTCEUR,1575159772225000,1575159772231808,0.067228,6839.15,6819.21,0.05156
binance-jersey,BTCEUR,1575159772325000,1575159772331902,0.027545,6840.38,6819.21,0.05156
binance-jersey,BTCEUR,1575159772425000,1575159772432151,0.067229,6840.37,6819.21,0.05156
binance-jersey,BTCEUR,1575159773125000,1575159773132587,0.026349,6839.83,6819.21,0.05156
binance-jersey,BTCEUR,1575159773926000,1575159773933240,0.026349,6839.83,6819.32,0.026337
binance-jersey,BTCEUR,1575159774126000,1575159774133138,0.067229,6840.37,6819.32,0.026337
binance-jersey,BTCEUR,1575159774926000,1575159774933820,0.067229,6840.37,6820.35,0.042708
binance-jersey,BTCEUR,1575159775927000,1575159775934604,0.067229,6840.37,6821.42,0.045005
binance-jersey,BTCEUR,1575159778929000,1575159778936623,0.067229,6840.37,6822.38,0.021525
binance-jersey,BTCEUR,1575159779830000,1575159779837045,0.067229,6840.37,6823.44,0.022042
binance-jersey,BTCEUR,1575159780930000,1575159780937660,0.067229,6840.37,6822.39,0.028866
binance-jersey,BTCEUR,1575159782932000,1575159782939380,0.067229,6840.37,6822.4,0.051538
binance-jersey,BTCEUR,1575159783032000,1575159783039423,0.021827,6843.58,6822.4,0.051538
binance-jersey,BTCEUR,1575159783132000,1575159783139642,0.067228,6843.57,6822.4,0.051538
binance-jersey,BTCEUR,1575159786935000,1575159786942086,0.067228,6843.57,6823.34,0.045741
binance-jersey,BTCEUR,1575159790037000,1575159790044370,0.067228,6843.57,6822.93,0.02436
binance-jersey,BTCEUR,1575159793439000,1575159793446299,0.067228,6843.57,6822.94,0.051534
binance-jersey,BTCEUR,1575159793539000,1575159793546472,0.018421,6844.12,6822.94,0.051534
binance-jersey,BTCEUR,1575159793639000,1575159793646607,0.067228,6844.11,6822.94,0.051534
binance-jersey,BTCEUR,1575159794139000,1575159794146792,0.035078,6843.15,6822.94,0.051534
binance-jersey,BTCEUR,1575159803946000,1575159803953604,0.035078,6843.15,6821.97,0.051522
binance-jersey,BTCEUR,1575159804146000,1575159804153762,0.067229,6843.14,6821.97,0.051522
binance-jersey,BTCEUR,1575159816855000,1575159816862113,0.02307,6841.84,6821.97,0.051522
binance-jersey,BTCEUR,1575159817756000,1575159817763109,0.034328,6840.14,6821.97,0.051522
binance-jersey,BTCEUR,1575159822859000,1575159822866633,0.018257,6840.78,6821.97,0.051522
binance-jersey,BTCEUR,1575159824760000,1575159824767832,0.018257,6840.78,6819.61,0.051531
binance-jersey,BTCEUR,1575159824961000,1575159824968372,0.067228,6840.77,6819.61,0.051531
binance-jersey,BTCEUR,1575159826662000,1575159826669157,0.067228,6840.77,6820.3,0.028304
binance-jersey,BTCEUR,1575159835268000,1575159835275100,0.067228,6840.77,6820.31,0.051545
binance-jersey,BTCEUR,1575159835368000,1575159835375034,0.021399,6841.48,6820.31,0.051545
binance-jersey,BTCEUR,1575159835468000,1575159835475046,0.067228,6841.47,6820.31,0.051545
binance-jersey,BTCEUR,1575159872393000,1575159872399365,0.031687,6841.2,6820.31,0.051545
binance-jersey,BTCEUR,1575159875295000,1575159875301570,0.031687,6841.2,6820.43,0.041831
binance-jersey,BTCEUR,1575159875495000,1575159875501703,0.067228,6841.47,6820.43,0.041831
binance-jersey,BTCEUR,1575159876496000,1575159876502758,0.067228,6841.47,6820.44,0.051542
binance-jersey,BTCEUR,1575159876596000,1575159876602298,0.031626,6841.61,6820.44,0.051542
binance-jersey,BTCEUR,1575159876696000,1575159876702330,0.067228,6841.6,6820.44,0.051542
binance-jersey,BTCEUR,1575159877196000,1575159877203172,0.067228,6841.6,6821.68,0.042194
binance-jersey,BTCEUR,1575159883300000,1575159883306808,0.067228,6841.6,6822.31,0.031877
binance-jersey,BTCEUR,1575159884301000,1575159884307556,0.067228,6841.6,6823.83,0.035639
binance-jersey,BTCEUR,1575159886302000,1575159886308906,0.067228,6841.6,6824.21,0.038957
binance-jersey,BTCEUR,1575159887003000,1575159887009330,0.067228,6841.6,6824.22,0.051514
binance-jersey,BTCEUR,1575159887103000,1575159887109440,0.029461,6845.39,6824.22,0.051514
binance-jersey,BTCEUR,1575159887203000,1575159887209680,0.067229,6845.38,6824.22,0.051514
binance-jersey,BTCEUR,1575159891406000,1575159891412583,0.024743,6845.02,6824.22,0.051514
binance-jersey,BTCEUR,1575159895309000,1575159895315241,0.024743,6845.02,6824.61,0.028252
binance-jersey,BTCEUR,1575159895509000,1575159895515224,0.067229,6845.38,6824.61,0.028252
binance-jersey,BTCEUR,1575159897610000,1575159897618378,0.021366,6845.8,6824.61,0.028252
binance-jersey,BTCEUR,1575159897810000,1575159897817001,0.067228,6845.79,6824.61,0.028252
binance-jersey,BTCEUR,1575159898311000,1575159898317506,0.067228,6845.79,6825.53,0.040649
binance-jersey,BTCEUR,1575159900216000,1575159900223008,0.067228,6845.79,6826.26,0.035984
binance-jersey,BTCEUR,1575159908022000,1575159908028525,0.5,6846.68,6826.26,0.035984
binance-jersey,BTCEUR,1575159908122000,1575159908128314,0.067228,6846.67,6826.26,0.035984
binance-jersey,BTCEUR,1575159927135000,1575159927141236,0.067228,6846.67,6825.37,0.03198
binance-jersey,BTCEUR,1575159927235000,1575159927241139,0.024187,6846.56,6825.37,0.03198
binance-jersey,BTCEUR,1575159928836000,1575159928842688,0.024187,6846.56,6825.38,0.056656
binance-jersey,BTCEUR,1575159928936000,1575159928942405,0.067228,6846.55,6825.38,0.056656
binance-jersey,BTCEUR,1575159929136000,1575159929142502,0.029056,6845.91,6825.38,0.056656
binance-jersey,BTCEUR,1575159931137000,1575159931143863,0.027125,6844.86,6825.38,0.056656
binance-jersey,BTCEUR,1575159939245000,1575159939251775,0.027125,6844.86,6823.68,0.035869
binance-jersey,BTCEUR,1575159939345000,1575159939351712,0.067229,6844.85,6823.68,0.035869
binance-jersey,BTCEUR,1575159984878000,1575159984884197,0.015898,6843.7,6822.51,0.021025
binance-jersey,BTCEUR,1575159990682000,1575159990688274,0.067228,6843.69,6822.51,0.021025
binance-jersey,BTCEUR,1575160005492000,1575160005498281,0.067228,6843.69,6823.35,0.039129
binance-jersey,BTCEUR,1575160007396000,1575160007402464,0.067228,6843.69,6824.2,0.038294
binance-jersey,BTCEUR,1575160011198000,1575160011204811,0.067229,6845.37,6824.2,0.038294
binance-jersey,BTCEUR,1575160018203000,1575160018209803,0.067229,6845.37,6823,0.025298
binance-jersey,BTCEUR,1575160018303000,1575160018309949,0.01913,6844.19,6823,0.025298
binance-jersey,BTCEUR,1575160021105000,1575160021111598,0.01913,6844.19,6821.54,0.024107
binance-jersey,BTCEUR,1575160021205000,1575160021211806,0.018227,6842.73,6821.54,0.024107
binance-jersey,BTCEUR,1575160021605000,1575160021612111,0.067228,6842.72,6821.54,0.024107
binance-jersey,BTCEUR,1575160036916000,1575160036922367,0.032736,6842.15,6820.97,0.043296
binance-jersey,BTCEUR,1575160042220000,1575160042226321,0.067229,6842.14,6820.97,0.043296
binance-jersey,BTCEUR,1575160046022000,1575160046029044,0.067229,6842.14,6818.82,0.024715
binance-jersey,BTCEUR,1575160046122000,1575160046128814,0.018683,6840,6818.82,0.024715
binance-jersey,BTCEUR,1575160050025000,1575160050031725,0.018683,6840,6817.48,0.044384
binance-jersey,BTCEUR,1575160050125000,1575160050131715,0.03355,6838.66,6817.48,0.044384
binance-jersey,BTCEUR,1575160050826000,1575160050832248,0.03355,6838.66,6816.78,0.030163
binance-jersey,BTCEUR,1575160050926000,1575160050932230,0.022799,6837.96,6816.78,0.030163
binance-jersey,BTCEUR,1575160052527000,1575160052533287,0.067228,6837.95,6816.78,0.030163
binance-jersey,BTCEUR,1575160053828000,1575160053834329,0.067228,6837.95,6816.08,0.020939
binance-jersey,BTCEUR,1575160053928000,1575160053934363,0.015826,6837.25,6816.08,0.020939
binance-jersey,BTCEUR,1575160062133000,1575160062139976,0.015826,6837.25,6816.24,0.030027
binance-jersey,BTCEUR,1575160062333000,1575160062339994,0.022695,6837.42,6816.24,0.030027
binance-jersey,BTCEUR,1575160062934000,1575160062940335,0.067228,6837.41,6816.24,0.030027
binance-jersey,BTCEUR,1575160066836000,1575160066842942,0.022161,6837.26,6816.08,0.02932
binance-jersey,BTCEUR,1575160067637000,1575160067643382,0.022161,6837.26,6817.29,0.042816
binance-jersey,BTCEUR,1575160067837000,1575160067843592,0.067228,6837.41,6817.29,0.042816
binance-jersey,BTCEUR,1575160073241000,1575160073247437,0.032364,6838.47,6817.29,0.042816
binance-jersey,BTCEUR,1575160073341000,1575160073347359,0.067229,6838.46,6817.29,0.042816
binance-jersey,BTCEUR,1575160083648000,1575160083654436,0.067229,6838.46,6817.3,0.056479
binance-jersey,BTCEUR,1575160094055000,1575160094061627,0.016287,6837.45,6817.3,0.056479
binance-jersey,BTCEUR,1575160104262000,1575160104268441,0.016287,6837.45,6816.27,0.021548
binance-jersey,BTCEUR,1575160104562000,1575160104568695,0.067228,6837.44,6816.27,0.021548
binance-jersey,BTCEUR,1575160107864000,1575160107870727,0.067228,6837.44,6817.36,0.032308
binance-jersey,BTCEUR,1575160109966000,1575160109972176,0.067228,6837.44,6816.51,0.025712
binance-jersey,BTCEUR,1575160114869000,1575160114875431,0.067228,6837.68,6816.51,0.025712
binance-jersey,BTCEUR,1575160138885000,1575160138891910,0.067228,6837.68,6814.8,0.029492
binance-jersey,BTCEUR,1575160138985000,1575160138991976,0.022289,6835.97,6814.8,0.029492
binance-jersey,BTCEUR,1575160140887000,1575160140893343,0.022289,6835.97,6814.05,0.034236
binance-jersey,BTCEUR,1575160140987000,1575160140993363,0.025873,6835.22,6814.05,0.034236
binance-jersey,BTCEUR,1575160146090000,1575160146096889,0.067229,6835.21,6814.05,0.034236
binance-jersey,BTCEUR,1575160152995000,1575160153001586,0.067229,6835.21,6814.36,0.035387
binance-jersey,BTCEUR,1575160155897000,1575160155903362,0.067229,6835.21,6816.34,0.027316
binance-jersey,BTCEUR,1575160156397000,1575160156403586,0.020646,6837.52,6816.34,0.027316
binance-jersey,BTCEUR,1575160156497000,1575160156504045,0.067228,6837.51,6816.34,0.027316
binance-jersey,BTCEUR,1575160177011000,1575160177017878,0.067228,6837.51,6816.35,0.056485
binance-jersey,BTCEUR,1575160202128000,1575160202135055,0.024255,6833.7,6816.35,0.056485
binance-jersey,BTCEUR,1575160205030000,1575160205036977,0.033215,6834.51,6816.35,0.056485
binance-jersey,BTCEUR,1575160207832000,1575160207839262,0.033215,6834.51,6813.33,0.043954
binance-jersey,BTCEUR,1575160207932000,1575160207939047,0.033215,6834.51,6813.34,0.050837
binance-jersey,BTCEUR,1575160208032000,1575160208039086,0.067228,6834.5,6813.34,0.050837
binance-jersey,BTCEUR,1575160253663000,1575160253669906,0.016155,6834.2,6813.34,0.050837
binance-jersey,BTCEUR,1575160257566000,1575160257572550,0.016155,6834.2,6814.66,0.024676
binance-jersey,BTCEUR,1575160257766000,1575160257772707,0.067228,6834.5,6814.66,0.024676
binance-jersey,BTCEUR,1575160258467000,1575160258473047,0.067228,6834.5,6817.84,0.045575
binance-jersey,BTCEUR,1575160259567000,1575160259573820,0.034451,6839.02,6817.84,0.045575
binance-jersey,BTCEUR,1575160259667000,1575160259673869,0.067229,6839.01,6817.84,0.045575
binance-jersey,BTCEUR,1575160268573000,1575160268580279,0.067229,6839.01,6819.16,0.045203
binance-jersey,BTCEUR,1575160269974000,1575160269981115,2.992278,6840.33,6819.17,0.056449
binance-jersey,BTCEUR,1575160270075000,1575160270081291,0.067228,6840.32,6819.17,0.056449
binance-jersey,BTCEUR,1575160277079000,1575160277086175,0.067228,6840.32,6820.12,0.027501
binance-jersey,BTCEUR,1575160285085000,1575160285091436,0.067228,6840.32,6821.12,0.022493
binance-jersey,BTCEUR,1575160288087000,1575160288093732,0.067228,6840.32,6822.78,0.044481
binance-jersey,BTCEUR,1575160288987000,1575160288994178,0.067228,6840.32,6823.81,0.022499
binance-jersey,BTCEUR,1575160290689000,1575160290695491,0.5,6840.67,6823.81,0.022499
binance-jersey,BTCEUR,1575160290789000,1575160290795492,0.067229,6840.66,6823.81,0.022499
binance-jersey,BTCEUR,1575160290989000,1575160290995616,0.067229,6840.66,6824.4,0.027042
binance-jersey,BTCEUR,1575160291990000,1575160291996175,0.067229,6840.66,6825.33,0.033768
binance-jersey,BTCEUR,1575160298097000,1575160298103380,0.067229,6840.66,6822.81,0.044655
binance-jersey,BTCEUR,1575160299097000,1575160299104082,0.067229,6840.66,6822.05,0.027787
binance-jersey,BTCEUR,1575160301099000,1575160301105595,0.021011,6843.24,6822.05,0.027787
binance-jersey,BTCEUR,1575160301199000,1575160301205675,0.067228,6843.23,6822.05,0.027787
binance-jersey,BTCEUR,1575160319011000,1575160319018368,0.067228,6843.23,6822.51,0.023689
binance-jersey,BTCEUR,1575160321813000,1575160321819855,0.067228,6843.23,6822.52,0.056435
binance-jersey,BTCEUR,1575160321913000,1575160321919632,0.017912,6843.7,6822.52,0.056435
binance-jersey,BTCEUR,1575160322013000,1575160322020056,0.087397,6843.69,6822.52,0.056435
binance-jersey,BTCEUR,1575160328918000,1575160328924381,0.087397,6843.69,6823.28,0.029673
binance-jersey,BTCEUR,1575160332320000,1575160332326381,0.087397,6843.69,6823.29,0.050786
binance-jersey,BTCEUR,1575160332420000,1575160332426643,0.022439,6844.46,6823.29,0.050786
binance-jersey,BTCEUR,1575160332520000,1575160332526643,0.062993,6844.45,6823.29,0.050786
binance-jersey,BTCEUR,1575160338024000,1575160338030669,0.062993,6844.45,6824.14,0.028674
binance-jersey,BTCEUR,1575160342927000,1575160342933793,0.021684,6845.33,6824.15,0.051344
binance-jersey,BTCEUR,1575160343027000,1575160343033867,0.067573,6845.32,6824.15,0.051344
binance-jersey,BTCEUR,1575160346129000,1575160346136106,0.067573,6845.32,6826.86,0.032977
binance-jersey,BTCEUR,1575160348031000,1575160348037310,0.067573,6845.32,6827.69,0.037464
binance-jersey,BTCEUR,1575160353434000,1575160353440909,0.028339,6848.89,6827.69,0.037464
binance-jersey,BTCEUR,1575160353534000,1575160353541045,0.067434,6848.88,6827.69,0.037464
binance-jersey,BTCEUR,1575160360139000,1575160360145717,0.067434,6848.88,6828.15,0.022431
binance-jersey,BTCEUR,1575160363841000,1575160363847922,0.067092,6849.28,6828.15,0.022431
binance-jersey,BTCEUR,1575160377150000,1575160377157284,0.067092,6849.28,6829.61,0.022063
binance-jersey,BTCEUR,1575160379052000,1575160379058401,0.067092,6849.28,6831.37,0.038727
binance-jersey,BTCEUR,1575160386158000,1575160386164323,0.067092,6849.28,6830.76,0.036271
binance-jersey,BTCEUR,1575160387158000,1575160387167790,0.067092,6849.28,6829.76,0.045341
binance-jersey,BTCEUR,1575160395164000,1575160395170700,0.067092,6849.28,6830.47,0.027285
binance-jersey,BTCEUR,1575160405371000,1575160405377848,0.067262,6851.66,6830.47,0.027285
binance-jersey,BTCEUR,1575160410174000,1575160410180787,0.067262,6851.66,6830.08,0.044922
binance-jersey,BTCEUR,1575160410274000,1575160410281121,0.033986,6851.27,6830.08,0.044922
binance-jersey,BTCEUR,1575160415878000,1575160415884758,0.067208,6851.26,6830.08,0.044922
binance-jersey,BTCEUR,1575160447300000,1575160447305999,0.067208,6851.26,6830.52,0.031704
binance-jersey,BTCEUR,1575160457006000,1575160457012687,0.067233,6851.71,6830.52,0.031704
binance-jersey,BTCEUR,1575160463310000,1575160463317035,0.067233,6851.71,6831.6,0.036878
binance-jersey,BTCEUR,1575160467313000,1575160467320100,0.027903,6852.79,6831.6,0.036878
binance-jersey,BTCEUR,1575160467413000,1575160467419747,0.067228,6852.78,6831.6,0.036878
binance-jersey,BTCEUR,1575160492430000,1575160492436835,0.067228,6852.78,6832.08,0.023396
binance-jersey,BTCEUR,1575160498234000,1575160498240789,0.017703,6853.27,6832.08,0.023396
binance-jersey,BTCEUR,1575160498334000,1575160498340871,0.067228,6853.26,6832.08,0.023396
binance-jersey,BTCEUR,1575160499635000,1575160499641749,0.067228,6853.26,6835.77,0.027462
binance-jersey,BTCEUR,1575160501636000,1575160501645661,0.067228,6853.26,6836.47,0.027186
binance-jersey,BTCEUR,1575160508541000,1575160508547490,3.790915,6855.29,6836.47,0.027186
binance-jersey,BTCEUR,1575160508641000,1575160508647919,0.067229,6855.28,6836.47,0.027186
binance-jersey,BTCEUR,1575160518748000,1575160518754912,0.067229,6855.28,6835.49,0.038626
binance-jersey,BTCEUR,1575160524252000,1575160524258710,0.067229,6855.28,6834.76,0.034741
binance-jersey,BTCEUR,1575160527254000,1575160527260716,0.067229,6855.28,6832.99,0.02088
binance-jersey,BTCEUR,1575160527354000,1575160527360803,0.015801,6854.18,6832.99,0.02088
binance-jersey,BTCEUR,1575160529255000,1575160529262724,0.067228,6854.17,6832.99,0.02088
binance-jersey,BTCEUR,1575160539562000,1575160539569045,0.035194,6852.93,6831.73,0.046513
binance-jersey,BTCEUR,1575160540463000,1575160540470117,0.035194,6852.93,6829.57,0.035683
binance-jersey,BTCEUR,1575160540563000,1575160540570222,0.026995,6850.76,6829.57,0.035683
binance-jersey,BTCEUR,1575160546467000,1575160546473859,0.026995,6850.76,6830.92,0.031898
binance-jersey,BTCEUR,1575160546668000,1575160546677995,0.024134,6852.11,6830.92,0.031898
binance-jersey,BTCEUR,1575160547372000,1575160547378721,0.024134,6852.11,6831.13,0.039982
binance-jersey,BTCEUR,1575160547572000,1575160547579161,0.030251,6852.33,6831.13,0.039982
binance-jersey,BTCEUR,1575160549874000,1575160549880165,0.067229,6852.32,6831.13,0.039982
binance-jersey,BTCEUR,1575160553476000,1575160553482706,0.067229,6852.32,6833.17,0.020959
binance-jersey,BTCEUR,1575160560181000,1575160560187253,3.790915,6854.16,6833.17,0.020959
binance-jersey,BTCEUR,1575160560281000,1575160560287341,0.067228,6854.15,6833.17,0.020959
binance-jersey,BTCEUR,1575160597006000,1575160597012633,0.067228,6854.15,6832.99,0.02235
binance-jersey,BTCEUR,1575160600909000,1575160600915096,0.067228,6854.15,6832.07,0.043663
binance-jersey,BTCEUR,1575160601009000,1575160601015320,0.033038,6853.27,6832.07,0.043663
binance-jersey,BTCEUR,1575160601509000,1575160601515460,0.067229,6853.26,6832.07,0.043663
binance-jersey,BTCEUR,1575160607513000,1575160607519781,0.067229,6853.26,6832.08,0.024308
binance-jersey,BTCEUR,1575160613617000,1575160613623876,0.067229,6853.26,6832.07,0.03256
binance-jersey,BTCEUR,1575160649341000,1575160649347390,0.021084,6851.92,6830.72,0.027866
binance-jersey,BTCEUR,1575160650242000,1575160650249518,0.021084,6851.92,6829.89,0.029339
binance-jersey,BTCEUR,1575160650342000,1575160650348539,0.022196,6851.09,6829.89,0.029339
binance-jersey,BTCEUR,1575160651242000,1575160651249078,0.022196,6851.09,6828.67,0.025314
binance-jersey,BTCEUR,1575160651343000,1575160651349304,0.019149,6849.86,6828.67,0.025314
binance-jersey,BTCEUR,1575160652243000,1575160652249677,0.019149,6849.86,6827.84,0.034685
binance-jersey,BTCEUR,1575160652343000,1575160652349825,0.026237,6849.03,6827.84,0.034685
binance-jersey,BTCEUR,1575160652844000,1575160652850332,0.067228,6849.02,6827.84,0.034685
binance-jersey,BTCEUR,1575160654245000,1575160654251187,0.035814,6847.74,6826.55,0.04735
binance-jersey,BTCEUR,1575160663151000,1575160663157338,0.067228,6847.73,6826.55,0.04735
binance-jersey,BTCEUR,1575160693271000,1575160693277658,0.067228,6847.73,6827.43,0.042531
binance-jersey,BTCEUR,1575160694272000,1575160694278381,0.067228,6848.61,6827.43,0.042531
binance-jersey,BTCEUR,1575160697274000,1575160697280251,0.067228,6848.61,6829.67,0.026364
binance-jersey,BTCEUR,1575160702277000,1575160702284317,0.067228,6848.61,6830.34,0.043697
binance-jersey,BTCEUR,1575160704679000,1575160704685696,0.03306,6851.53,6830.34,0.043697
binance-jersey,BTCEUR,1575160704879000,1575160704885767,0.067229,6851.52,6830.34,0.043697
binance-jersey,BTCEUR,1575160707281000,1575160707287720,0.067229,6851.52,6832.39,0.039489
binance-jersey,BTCEUR,1575160708281000,1575160708287982,0.067229,6851.52,6831.99,0.032684
binance-jersey,BTCEUR,1575160709282000,1575160709288873,0.067229,6851.52,6831.02,0.026072
binance-jersey,BTCEUR,1575160715186000,1575160715192832,0.019726,6852.22,6831.02,0.026072
binance-jersey,BTCEUR,1575160715286000,1575160715292731,0.067228,6852.21,6831.02,0.026072
binance-jersey,BTCEUR,1575160724492000,1575160724498925,0.033397,6850.72,6829.53,0.044144
binance-jersey,BTCEUR,1575160725593000,1575160725599847,0.067228,6850.71,6829.53,0.044144
binance-jersey,BTCEUR,1575160728395000,1575160728403331,0.067228,6850.71,6828.64,0.034115
binance-jersey,BTCEUR,1575160728495000,1575160728501964,0.025808,6849.84,6828.64,0.034115
binance-jersey,BTCEUR,1575160730296000,1575160730302915,0.025808,6849.84,6827.59,0.037348
binance-jersey,BTCEUR,1575160730396000,1575160730403249,0.028251,6848.78,6827.59,0.037348
binance-jersey,BTCEUR,1575160736100000,1575160736107105,0.065879,6848.77,6827.59,0.037348
binance-jersey,BTCEUR,1575160737601000,1575160737607889,0.065879,6848.77,6828.16,0.041863
binance-jersey,BTCEUR,1575160746408000,1575160746414231,0.031668,6849.36,6828.16,0.041863
binance-jersey,BTCEUR,1575160746508000,1575160746514604,0.066567,6849.35,6828.16,0.041863
binance-jersey,BTCEUR,1575160754613000,1575160754619582,0.066567,6849.35,6827.68,0.044854
binance-jersey,BTCEUR,1575160754713000,1575160754719742,0.033929,6848.88,6827.68,0.044854
binance-jersey,BTCEUR,1575160755914000,1575160755920860,3.790915,6848.87,6827.68,0.044854
binance-jersey,BTCEUR,1575160757015000,1575160757021534,0.066337,6848.86,6827.68,0.044854
binance-jersey,BTCEUR,1575160757715000,1575160757722058,3.790915,6848.85,6827.68,0.044854
binance-jersey,BTCEUR,1575160760617000,1575160760623773,3.790915,6848.85,6826.3,0.031582
binance-jersey,BTCEUR,1575160760717000,1575160760724109,0.023887,6847.49,6826.3,0.031582
binance-jersey,BTCEUR,1575160767422000,1575160767428429,0.066393,6847.48,6826.3,0.031582
binance-jersey,BTCEUR,1575160772025000,1575160772031649,0.066393,6847.48,6825.88,0.031665
binance-jersey,BTCEUR,1575160772125000,1575160772131607,0.02395,6847.07,6825.88,0.031665
binance-jersey,BTCEUR,1575160773926000,1575160773933002,0.021296,6845.37,6824.18,0.02816
binance-jersey,BTCEUR,1575160775027000,1575160775033858,0.021146,6844.42,6823.24,0.027964
binance-jersey,BTCEUR,1575160777829000,1575160777835580,0.066385,6844.41,6823.24,0.027964
binance-jersey,BTCEUR,1575160778029000,1575160778035661,0.019524,6843.92,6822.73,0.02582
binance-jersey,BTCEUR,1575160784934000,1575160784940503,0.019524,6843.92,6823.18,0.043667
binance-jersey,BTCEUR,1575160785134000,1575160785140679,0.033021,6844.37,6823.18,0.043667
binance-jersey,BTCEUR,1575160785834000,1575160785841258,0.033021,6844.37,6824.57,0.039701
binance-jersey,BTCEUR,1575160786034000,1575160786041256,0.066385,6844.41,6824.57,0.039701
binance-jersey,BTCEUR,1575160788136000,1575160788142326,0.066384,6845.75,6824.57,0.039701
binance-jersey,BTCEUR,1575160788936000,1575160788943357,0.066384,6845.75,6826.1,0.047262
binance-jersey,BTCEUR,1575160797943000,1575160797949401,0.066384,6845.75,6825.77,0.031306
binance-jersey,BTCEUR,1575160798443000,1575160798449463,0.066384,6845.75,6825.78,0.056416
binance-jersey,BTCEUR,1575160798543000,1575160798549866,0.023678,6846.96,6825.78,0.056416
binance-jersey,BTCEUR,1575160798643000,1575160798649709,0.066385,6846.95,6825.78,0.056416
binance-jersey,BTCEUR,1575160799944000,1575160799950660,0.020294,6845.87,6825.78,0.056416
binance-jersey,BTCEUR,1575160808950000,1575160808957503,0.020294,6845.87,6824.68,0.026834
binance-jersey,BTCEUR,1575160809050000,1575160809057378,0.020294,6845.87,6824.69,0.050774
binance-jersey,BTCEUR,1575160809150000,1575160809156806,0.066384,6845.86,6824.69,0.050774
binance-jersey,BTCEUR,1575160816458000,1575160816464678,0.027769,6845.25,6824.69,0.050774
binance-jersey,BTCEUR,1575160819460000,1575160819466836,0.027769,6845.25,6824.06,0.03672
binance-jersey,BTCEUR,1575160819560000,1575160819566779,0.027769,6845.25,6824.07,0.051348
binance-jersey,BTCEUR,1575160819660000,1575160819666868,0.066385,6845.24,6824.07,0.051348
binance-jersey,BTCEUR,1575160829967000,1575160829973565,0.066385,6845.24,6824.06,0.03672
binance-jersey,BTCEUR,1575160831969000,1575160831975376,0.066385,6845.24,6824.49,0.037825
binance-jersey,BTCEUR,1575160833770000,1575160833776535,0.066385,6845.24,6825.58,0.046618
binance-jersey,BTCEUR,1575160836872000,1575160836878528,0.066385,6845.24,6826.35,0.03817
binance-jersey,BTCEUR,1575160840274000,1575160840281146,0.066385,6845.24,6826.36,0.056404
binance-jersey,BTCEUR,1575160840374000,1575160840381083,0.028871,6847.54,6826.36,0.056404
binance-jersey,BTCEUR,1575160840475000,1575160840481099,0.066384,6847.53,6826.36,0.056404
binance-jersey,BTCEUR,1575160843277000,1575160843283186,0.018701,6846.86,6826.36,0.056404
binance-jersey,BTCEUR,1575160844177000,1575160844183797,0.029972,6845.11,6826.36,0.056404
binance-jersey,BTCEUR,1575160846279000,1575160846285208,0.02149,6844.25,6826.36,0.056404
binance-jersey,BTCEUR,1575160850782000,1575160850788496,0.02149,6844.25,6823.06,0.028419
binance-jersey,BTCEUR,1575160850882000,1575160850888557,0.02149,6844.25,6823.07,0.050764
binance-jersey,BTCEUR,1575160850982000,1575160850988395,0.066385,6844.24,6823.07,0.050764
binance-jersey,BTCEUR,1575160870596000,1575160870602700,0.066385,6844.24,6823.9,0.045809
binance-jersey,BTCEUR,1575160871697000,1575160871703646,0.066385,6844.24,6823.91,0.051601
binance-jersey,BTCEUR,1575160871797000,1575160871803636,0.034642,6845.08,6823.91,0.051601
binance-jersey,BTCEUR,1575160871897000,1575160871903781,0.066384,6845.07,6823.91,0.051601
binance-jersey,BTCEUR,1575160893912000,1575160893918789,0.022116,6843.67,6823.91,0.051601
binance-jersey,BTCEUR,1575160894813000,1575160894819251,0.023967,6842.94,6823.91,0.051601
binance-jersey,BTCEUR,1575160896914000,1575160896920728,0.018918,6842.19,6823.91,0.051601
binance-jersey,BTCEUR,1575160902618000,1575160902624588,0.018918,6842.19,6821,0.025021
binance-jersey,BTCEUR,1575160902818000,1575160902825060,0.066385,6842.18,6821,0.025021
binance-jersey,BTCEUR,1575160904219000,1575160904225613,0.066385,6842.18,6820.11,0.0292
binance-jersey,BTCEUR,1575160904319000,1575160904325658,0.022076,6841.29,6820.11,0.0292
binance-jersey,BTCEUR,1575160909222000,1575160909229305,0.022076,6841.29,6820.63,0.040761
binance-jersey,BTCEUR,1575160909322000,1575160909329013,0.030818,6841.81,6820.63,0.040761
binance-jersey,BTCEUR,1575160913225000,1575160913231687,0.030818,6841.81,6820.64,0.056695
binance-jersey,BTCEUR,1575160913425000,1575160913431776,0.066385,6841.8,6820.64,0.056695
binance-jersey,BTCEUR,1575160920430000,1575160920437138,0.03141,6840.93,6820.64,0.056695
binance-jersey,BTCEUR,1575160923732000,1575160923739750,0.03141,6840.93,6819.74,0.041547
binance-jersey,BTCEUR,1575160923832000,1575160923839018,0.066384,6840.92,6819.74,0.041547
binance-jersey,BTCEUR,1575160975167000,1575160975173734,0.066384,6840.92,6819.75,0.056461
binance-jersey,BTCEUR,1575160979170000,1575160979176514,0.066384,6840.92,6820.5,0.037222
binance-jersey,BTCEUR,1575160985474000,1575160985480762,0.066384,6840.92,6820.51,0.050809
binance-jersey,BTCEUR,1575160985574000,1575160985581052,0.028142,6841.68,6820.51,0.050809
binance-jersey,BTCEUR,1575160985674000,1575160985680741,0.066385,6841.67,6820.51,0.050809
binance-jersey,BTCEUR,1575160988276000,1575160988282658,0.024938,6840.71,6820.51,0.050809
binance-jersey,BTCEUR,1575160990177000,1575160990183817,0.026656,6839.99,6820.51,0.050809
binance-jersey,BTCEUR,1575160992279000,1575160992285232,0.016522,6839.18,6820.51,0.050809
binance-jersey,BTCEUR,1575160995381000,1575160995387735,0.019892,6839.67,6820.51,0.050809
binance-jersey,BTCEUR,1575160996081000,1575160996087794,0.019892,6839.67,6818.49,0.026314
binance-jersey,BTCEUR,1575160996181000,1575160996188155,0.066385,6839.66,6818.49,0.026314
binance-jersey,BTCEUR,1575161002085000,1575161002091794,0.066385,6839.66,6819.33,0.024945
binance-jersey,BTCEUR,1575161006488000,1575161006495045,0.066385,6839.66,6819.34,0.056464
binance-jersey,BTCEUR,1575161006588000,1575161006595130,0.018859,6840.51,6819.34,0.056464
binance-jersey,BTCEUR,1575161006689000,1575161006695133,0.066384,6840.5,6819.34,0.056464
binance-jersey,BTCEUR,1575161010291000,1575161010297673,0.02396,6839.89,6819.34,0.056464
binance-jersey,BTCEUR,1575161014594000,1575161014600583,0.031838,6840.41,6819.34,0.056464
binance-jersey,BTCEUR,1575161016995000,1575161017002143,0.031838,6840.41,6819.22,0.042114
binance-jersey,BTCEUR,1575161017096000,1575161017102218,0.066385,6840.4,6819.22,0.042114
binance-jersey,BTCEUR,1575161019497000,1575161019503774,0.031438,6839.89,6818.71,0.041587
binance-jersey,BTCEUR,1575161027503000,1575161027510055,0.066385,6839.88,6818.71,0.041587
binance-jersey,BTCEUR,1575161037810000,1575161037816860,0.066385,6839.88,6818.72,0.056469
binance-jersey,BTCEUR,1575161043214000,1575161043220634,0.066385,6839.88,6819.62,0.044535
binance-jersey,BTCEUR,1575161048117000,1575161048123945,0.066385,6839.88,6819.63,0.050815
binance-jersey,BTCEUR,1575161048217000,1575161048224112,0.033669,6840.8,6819.63,0.050815
binance-jersey,BTCEUR,1575161048317000,1575161048324167,0.066385,6840.79,6819.63,0.050815
binance-jersey,BTCEUR,1575161056123000,1575161056129371,0.066385,6840.79,6820.43,0.045623
binance-jersey,BTCEUR,1575161058124000,1575161058130605,0.066385,6840.79,6819.72,0.025515
binance-jersey,BTCEUR,1575161058724000,1575161058731051,0.066385,6840.79,6819.73,0.051379
binance-jersey,BTCEUR,1575161058825000,1575161058831343,0.066384,6840.89,6819.73,0.051379
binance-jersey,BTCEUR,1575161059125000,1575161059131538,0.066384,6840.89,6820.85,0.024049
binance-jersey,BTCEUR,1575161069332000,1575161069338676,0.066384,6840.89,6820.86,0.051314
binance-jersey,BTCEUR,1575161069432000,1575161069438116,0.018183,6842.03,6820.86,0.051314
binance-jersey,BTCEUR,1575161069532000,1575161069538294,0.066385,6842.02,6820.86,0.051314
binance-jersey,BTCEUR,1575161096950000,1575161096957170,0.034485,6841.01,6820.86,0.051314
binance-jersey,BTCEUR,1575161100353000,1575161100359544,0.034485,6841.01,6819.84,0.051573
binance-jersey,BTCEUR,1575161100553000,1575161100559484,0.066385,6841,6819.84,0.051573
binance-jersey,BTCEUR,1575161112961000,1575161112968281,0.018873,6838.81,6819.84,0.051573
binance-jersey,BTCEUR,1575161114963000,1575161114969163,0.034568,6837.64,6819.84,0.051573
binance-jersey,BTCEUR,1575161121067000,1575161121073399,0.034568,6837.64,6816.46,0.045735
binance-jersey,BTCEUR,1575161121167000,1575161121173493,0.034568,6837.64,6816.47,0.051556
binance-jersey,BTCEUR,1575161121267000,1575161121273437,0.066385,6837.63,6816.47,0.051556
binance-jersey,BTCEUR,1575161135777000,1575161135783503,0.034645,6837.17,6816.47,0.051556
binance-jersey,BTCEUR,1575161141881000,1575161141887597,0.034645,6837.17,6816,0.051585
binance-jersey,BTCEUR,1575161142081000,1575161142087734,0.066384,6837.16,6816,0.051585
binance-jersey,BTCEUR,1575161145784000,1575161145790352,0.066384,6837.16,6816.54,0.039896
binance-jersey,BTCEUR,1575161149686000,1575161149692681,0.066384,6837.16,6817.75,0.034576
binance-jersey,BTCEUR,1575161152388000,1575161152394651,0.066384,6837.16,6817.76,0.051573
binance-jersey,BTCEUR,1575161152488000,1575161152494781,0.026137,6838.92,6817.76,0.051573
binance-jersey,BTCEUR,1575161152588000,1575161152595053,0.066385,6838.91,6817.76,0.051573
binance-jersey,BTCEUR,1575161160994000,1575161161000594,0.030146,6838.12,6817.76,0.051573
binance-jersey,BTCEUR,1575161162995000,1575161163002007,0.030146,6838.12,6816.94,0.039882
binance-jersey,BTCEUR,1575161163095000,1575161163102021,0.030146,6838.12,6816.95,0.051573
binance-jersey,BTCEUR,1575161163796000,1575161163802413,0.066385,6838.11,6816.95,0.051573
binance-jersey,BTCEUR,1575161168299000,1575161168305565,0.022643,6836.97,6816.95,0.051573
binance-jersey,BTCEUR,1575161174103000,1575161174109558,0.022643,6836.97,6815.79,0.029959
binance-jersey,BTCEUR,1575161174203000,1575161174209676,0.022643,6836.97,6815.8,0.05158
binance-jersey,BTCEUR,1575161174303000,1575161174309557,0.066384,6836.96,6815.8,0.05158
binance-jersey,BTCEUR,1575161181208000,1575161181214376,0.066384,6836.96,6816.24,0.026355
binance-jersey,BTCEUR,1575161184710000,1575161184717042,0.066384,6836.96,6816.25,0.051576
binance-jersey,BTCEUR,1575161184810000,1575161184816986,0.066385,6837.41,6816.25,0.051576
binance-jersey,BTCEUR,1575161197919000,1575161197925727,0.02147,6836.79,6816.25,0.051576
binance-jersey,BTCEUR,1575161201321000,1575161201328017,0.020169,6836.02,6816.25,0.051576
binance-jersey,BTCEUR,1575161204323000,1575161204330131,0.030865,6836.43,6816.25,0.051576
binance-jersey,BTCEUR,1575161205324000,1575161205330345,0.030865,6836.43,6815.25,0.040839
binance-jersey,BTCEUR,1575161205424000,1575161205430862,0.030865,6836.43,6815.26,0.051574
binance-jersey,BTCEUR,1575161205624000,1575161205631010,0.066384,6836.42,6815.26,0.051574
binance-jersey,BTCEUR,1575161233843000,1575161233850192,0.066384,6836.42,6816.71,0.036766
binance-jersey,BTCEUR,1575161235745000,1575161235751359,0.066384,6836.42,6817.42,0.033581
binance-jersey,BTCEUR,1575161236545000,1575161236551738,0.025384,6838.6,6817.43,0.051566
binance-jersey,BTCEUR,1575161236645000,1575161236651916,0.066385,6838.59,6817.43,0.051566
binance-jersey,BTCEUR,1575161237846000,1575161237852735,0.066385,6838.59,6818.29,0.04325
binance-jersey,BTCEUR,1575161239848000,1575161239854127,0.035659,6838.39,6817.43,0.051566
binance-jersey,BTCEUR,1575161240948000,1575161240955047,0.020245,6837.77,6817.43,0.051566
binance-jersey,BTCEUR,1575161246952000,1575161246959204,0.020245,6837.77,6816.6,0.026784
binance-jersey,BTCEUR,1575161247052000,1575161247059346,0.020245,6837.77,6816.61,0.051565
binance-jersey,BTCEUR,1575161247153000,1575161247165148,0.066385,6837.76,6816.61,0.051565
binance-jersey,BTCEUR,1575161270769000,1575161270775990,0.021468,6836.65,6816.61,0.051565
binance-jersey,BTCEUR,1575161277974000,1575161277980639,0.021468,6836.65,6815.47,0.028405
binance-jersey,BTCEUR,1575161278174000,1575161278181175,0.021468,6836.65,6815.48,0.051572
binance-jersey,BTCEUR,1575161278275000,1575161278281106,0.066384,6836.64,6815.48,0.051572
binance-jersey,BTCEUR,1575161302991000,1575161302997800,0.023701,6836.26,6815.48,0.051572
binance-jersey,BTCEUR,1575161309095000,1575161309102239,0.023701,6836.26,6815.08,0.03136
binance-jersey,BTCEUR,1575161309195000,1575161309202322,0.023701,6836.26,6815.09,0.051581
binance-jersey,BTCEUR,1575161309296000,1575161309302367,0.066385,6836.25,6815.09,0.051581
binance-jersey,BTCEUR,1575161350523000,1575161350530200,0.066385,6836.25,6815.08,0.03136
binance-jersey,BTCEUR,1575161360830000,1575161360837161,0.066385,6836.25,6815.09,0.056741
binance-jersey,BTCEUR,1575161463301000,1575161463308135,0.066385,6836.25,6815.08,0.03136
binance-jersey,BTCEUR,1575161515336000,1575161515342848,0.066385,6836.25,6813.3,0.047771
binance-jersey,BTCEUR,1575161515436000,1575161515443033,0.0361,6834.48,6813.3,0.047771
binance-jersey,BTCEUR,1575161520640000,1575161520646355,0.0361,6834.48,6812.47,0.0357
binance-jersey,BTCEUR,1575161520740000,1575161520747096,0.026977,6833.65,6812.47,0.0357
binance-jersey,BTCEUR,1575161524542000,1575161524549266,0.026977,6833.65,6811.68,0.043388
binance-jersey,BTCEUR,1575161524643000,1575161524649228,0.032784,6832.85,6811.68,0.043388
binance-jersey,BTCEUR,1575161524743000,1575161524749359,0.032784,6832.85,6811.69,0.05677
binance-jersey,BTCEUR,1575161524843000,1575161524849336,0.066385,6832.84,6811.69,0.05677
binance-jersey,BTCEUR,1575161525543000,1575161525550062,0.032493,6829.12,6811.69,0.05677
binance-jersey,BTCEUR,1575161529646000,1575161529652613,0.015724,6828.18,6811.69,0.05677
binance-jersey,BTCEUR,1575161531547000,1575161531554019,0.027009,6826.43,6811.69,0.05677
binance-jersey,BTCEUR,1575161535150000,1575161535156264,0.027009,6826.43,6805.27,0.035762
binance-jersey,BTCEUR,1575161535250000,1575161535256097,0.066384,6826.42,6805.27,0.035762
binance-jersey,BTCEUR,1575161545557000,1575161545563285,0.066384,6826.42,6805.28,0.056567
binance-jersey,BTCEUR,1575161546558000,1575161546564004,0.05237,6820.91,6805.28,0.056567
binance-jersey,BTCEUR,1575161555864000,1575161555870490,0.05237,6820.91,6805.07,0.041884
binance-jersey,BTCEUR,1575161556064000,1575161556070600,0.066385,6820.9,6805.07,0.041884
binance-jersey,BTCEUR,1575161564270000,1575161564275970,0.066385,6820.9,6802.78,0.023533
binance-jersey,BTCEUR,1575161573576000,1575161573582584,0.066385,6820.9,6803.9,0.023865
binance-jersey,BTCEUR,1575161581581000,1575161581588410,0.066385,6820.9,6804.17,0.02841
binance-jersey,BTCEUR,1575161592690000,1575161592696578,0.066385,6820.9,6804.15,0.020672
binance-jersey,BTCEUR,1575161596692000,1575161596699205,0.066385,6820.9,6804.16,0.028942
binance-jersey,BTCEUR,1575161602897000,1575161602903482,0.066385,6820.9,6804.15,0.024689
binance-jersey,BTCEUR,1575161603797000,1575161603804100,0.066385,6820.9,6804.16,0.020764
binance-jersey,BTCEUR,1575161605999000,1575161606005425,0.066385,6820.9,6804.06,0.027123
binance-jersey,BTCEUR,1575161686053000,1575161686061115,0.066385,6820.9,6804.25,0.028873
binance-jersey,BTCEUR,1575161699463000,1575161699469840,0.066385,6820.9,6804.26,0.056575
binance-jersey,BTCEUR,1575161750697000,1575161750704671,0.066385,6820.9,6804.25,0.028873
binance-jersey,BTCEUR,1575161751398000,1575161751405185,0.066385,6820.9,6803.17,0.033538
binance-jersey,BTCEUR,1575161755300000,1575161755307480,0.066385,6820.9,6802.98,0.042069
binance-jersey,BTCEUR,1575161761004000,1575161761011562,0.066385,6820.9,6802.99,0.056586
binance-jersey,BTCEUR,1575161781518000,1575161781524834,0.066385,6820.9,6800.13,0.050927
binance-jersey,BTCEUR,1575161784420000,1575161784427255,0.025886,6820.3,6800.13,0.050927
binance-jersey,BTCEUR,1575161790524000,1575161790531205,0.066385,6820.9,6800.13,0.050927
binance-jersey,BTCEUR,1575161791825000,1575161791832022,0.066385,6820.9,6799.93,0.041623
binance-jersey,BTCEUR,1575161791925000,1575161791932205,0.066385,6820.9,6799.94,0.051517
binance-jersey,BTCEUR,1575161793326000,1575161793333101,0.066385,6820.9,6800.47,0.035072
binance-jersey,BTCEUR,1575161802332000,1575161802339510,0.066385,6820.9,6800.48,0.051456
binance-jersey,BTCEUR,1575161843259000,1575161843266633,0.066385,6820.9,6800.17,0.051461
binance-jersey,BTCEUR,1575161856168000,1575161856175365,0.019849,6819.29,6800.17,0.051461
binance-jersey,BTCEUR,1575161860171000,1575161860178374,0.026392,6818.29,6800.17,0.051461
binance-jersey,BTCEUR,1575161863773000,1575161863781695,0.026392,6818.29,6797.13,0.034964
binance-jersey,BTCEUR,1575161863874000,1575161863880890,0.026392,6818.29,6797.14,0.051463
binance-jersey,BTCEUR,1575161864174000,1575161864181140,0.066385,6818.28,6797.14,0.051463
binance-jersey,BTCEUR,1575161873580000,1575161873587275,0.032965,6814.07,6797.14,0.051463
binance-jersey,BTCEUR,1575161874481000,1575161874487994,0.032965,6814.07,6794.15,0.029336
binance-jersey,BTCEUR,1575161874581000,1575161874588009,0.022139,6815.3,6794.16,0.051506
binance-jersey,BTCEUR,1575161874681000,1575161874688036,0.066384,6814.06,6794.16,0.051506
binance-jersey,BTCEUR,1575161878583000,1575161878590962,0.028642,6812.05,6794.16,0.051506
binance-jersey,BTCEUR,1575161881486000,1575161881492975,0.034918,6811.06,6794.16,0.051506
binance-jersey,BTCEUR,1575161884988000,1575161884995371,0.034918,6811.06,6789.92,0.046283
binance-jersey,BTCEUR,1575161885088000,1575161885095384,0.034918,6811.06,6789.93,0.051527
binance-jersey,BTCEUR,1575161885388000,1575161885395810,0.066385,6811.05,6789.93,0.051527
binance-jersey,BTCEUR,1575161885488000,1575161885495783,0.066385,6811.05,6790.91,0.036893
binance-jersey,BTCEUR,1575161886389000,1575161886396400,0.066385,6811.05,6794.07,0.039766
binance-jersey,BTCEUR,1575161888490000,1575161888497746,0.066385,6811.05,6794.97,0.047363
binance-jersey,BTCEUR,1575161895695000,1575161895702608,0.066385,6811.05,6794.98,0.051522
binance-jersey,BTCEUR,1575161895795000,1575161895802677,0.035746,6816.12,6794.98,0.051522
binance-jersey,BTCEUR,1575161895895000,1575161895902690,0.066385,6816.11,6794.98,0.051522
binance-jersey,BTCEUR,1575161905602000,1575161905609381,0.016562,6815.01,6794.98,0.051522
binance-jersey,BTCEUR,1575161906202000,1575161906209737,0.016562,6815.01,6793.87,0.051518
binance-jersey,BTCEUR,1575161906403000,1575161906410065,0.066384,6815,6793.87,0.051518
binance-jersey,BTCEUR,1575161909505000,1575161909511915,0.028986,6813.63,6793.87,0.051518
binance-jersey,BTCEUR,1575161911406000,1575161911413414,0.028986,6813.63,6794.59,0.038767
binance-jersey,BTCEUR,1575161911606000,1575161911613501,0.066384,6815,6794.59,0.038767
binance-jersey,BTCEUR,1575161913507000,1575161913514782,0.066384,6815,6797.32,0.040344
binance-jersey,BTCEUR,1575161916810000,1575161916817179,0.030453,6818.47,6797.33,0.051502
binance-jersey,BTCEUR,1575161917010000,1575161917017515,0.066385,6818.46,6797.33,0.051502
binance-jersey,BTCEUR,1575161922714000,1575161922721167,0.021883,6817.09,6797.33,0.051502
binance-jersey,BTCEUR,1575161926716000,1575161926723805,0.027725,6816.26,6797.33,0.051502
binance-jersey,BTCEUR,1575161927217000,1575161927223834,0.027725,6816.26,6795.11,0.036735
binance-jersey,BTCEUR,1575161927317000,1575161927324171,0.027725,6816.26,6795.12,0.051768
binance-jersey,BTCEUR,1575161927517000,1575161927524107,0.066385,6816.25,6795.12,0.051768
binance-jersey,BTCEUR,1575161941626000,1575161941634316,0.066385,6816.25,6797.52,0.042401
binance-jersey,BTCEUR,1575161948031000,1575161948038537,0.066385,6816.25,6797.53,0.051742
binance-jersey,BTCEUR,1575161948131000,1575161948138728,0.032007,6818.67,6797.53,0.051742
binance-jersey,BTCEUR,1575161948231000,1575161948238765,0.066385,6818.66,6797.53,0.051742
binance-jersey,BTCEUR,1575161986257000,1575161986264835,0.066385,6818.66,6798.47,0.047371
binance-jersey,BTCEUR,1575161989259000,1575161989266609,0.066385,6818.66,6799.58,0.024716
binance-jersey,BTCEUR,1575161989359000,1575161989366727,0.03576,6819.62,6799.58,0.024716
binance-jersey,BTCEUR,1575161989460000,1575161989467077,0.066385,6819.61,6799.58,0.024716
binance-jersey,BTCEUR,1575161994263000,1575161994270330,0.066385,6819.61,6800.33,0.047703
binance-jersey,BTCEUR,1575161999867000,1575161999874537,0.05237,6820.91,6800.34,0.051721
binance-jersey,BTCEUR,1575162000067000,1575162000074372,0.066384,6820.9,6800.34,0.051721
binance-jersey,BTCEUR,1575162000267000,1575162000274515,0.066384,6820.9,6801.73,0.036435
